-- phpMyAdmin SQL Dump
-- version 4.6.5.2
-- https://www.phpmyadmin.net/
--
-- Host: 127.0.0.1
-- Generation Time: Apr 22, 2017 at 09:49 PM
-- Server version: 10.1.21-MariaDB
-- PHP Version: 5.6.30

SET SQL_MODE = "NO_AUTO_VALUE_ON_ZERO";
SET time_zone = "+00:00";


/*!40101 SET @OLD_CHARACTER_SET_CLIENT=@@CHARACTER_SET_CLIENT */;
/*!40101 SET @OLD_CHARACTER_SET_RESULTS=@@CHARACTER_SET_RESULTS */;
/*!40101 SET @OLD_COLLATION_CONNECTION=@@COLLATION_CONNECTION */;
/*!40101 SET NAMES utf8mb4 */;

--
-- Database: `test`
--

-- --------------------------------------------------------

--
-- Table structure for table `categories`
--

CREATE TABLE `categories` (
  `category_id` varchar(50) NOT NULL,
  `category_name` varchar(20) DEFAULT NULL,
  `description` text
) ENGINE=InnoDB DEFAULT CHARSET=latin1;

--
-- Dumping data for table `categories`
--

INSERT INTO `categories` (`category_id`, `category_name`, `description`) VALUES
('200', 'Antipyretics', 'Mauris enim leo, rhoncus sed, vestibulum sit amet, cursus id, turpis. Integer aliquet, massa id lobortis convallis, tortor risus dapibus augue, vel accumsan tellus nisi eu orci.'),
('201', 'Analgesics', 'Mauris ullamcorper purus sit amet nulla.'),
('202', 'Antimalarial drugs', 'Integer a nibh. In quis justo.'),
('203', 'Antibiotics', 'Vivamus vel nulla eget eros elementum pellentesque. Quisque porta volutpat erat.'),
('204', 'Antiseptics', 'Integer aliquet, massa id lobortis convallis, tortor risus dapibus augue, vel accumsan tellus nisi eu orci. Mauris lacinia sapien quis libero.'),
('205', 'Mood stabilizers', 'Pellentesque eget nunc. Donec quis orci eget orci vehicula condimentum.'),
('206', 'Hormone replacements', 'Nullam sit amet turpis elementum ligula vehicula consequat.'),
('207', 'Oral contraceptives', 'In blandit ultrices enim. Lorem ipsum dolor sit amet, consectetuer adipiscing elit. Proin interdum mauris non ligula pellentesque ultrices.'),
('208', 'Stimulants', 'Fusce consequat. Nulla nisl.'),
('209', 'Tranquilizers', 'Maecenas rhoncus aliquam lacus. Morbi quis tortor id nulla ultrices aliquet.'),
('210', 'Statins', 'Phasellus sit amet erat. Nulla tempus.');

-- --------------------------------------------------------

--
-- Table structure for table `customers`
--

CREATE TABLE `customers` (
  `customer_id` int(11) NOT NULL,
  `company_name` varchar(50) DEFAULT NULL,
  `contact_num` varchar(50) DEFAULT NULL,
  `address` varchar(50) DEFAULT NULL,
  `city` varchar(50) DEFAULT NULL
) ENGINE=InnoDB DEFAULT CHARSET=latin1;

--
-- Dumping data for table `customers`
--

INSERT INTO `customers` (`customer_id`, `company_name`, `contact_num`, `address`, `city`) VALUES
(1, 'LiveZ', '62-(516)424-0317', '84985 Mallory Alley', 'Maredakalada'),
(2, 'Jatri', '48-(424)425-8511', '13920 Harper Terrace', 'Ostrowite'),
(3, 'Photolist', '92-(915)859-5699', '78595 Vera Alley', 'Landi Kotal'),
(4, 'Browsebug', '58-(934)530-5080', '15445 Warrior Plaza', 'La Luz'),
(5, 'Devcast', '55-(358)226-2674', '287 Steensland Drive', 'Fernando de Noronha (Distrito Estadual)'),
(6, 'Flipopia', '591-(760)830-6969', '445 Onsgard Plaza', 'Roboré'),
(7, 'Lajo', '223-(405)837-9196', '86 Golden Leaf Lane', 'Nara'),
(8, 'Quatz', '86-(266)593-6636', '63340 Pearson Hill', 'Xinsheng'),
(9, 'Feednation', '55-(899)100-1328', '21218 Linden Terrace', 'Carapicuíba'),
(10, 'Ntag', '234-(757)462-6877', '10 Cordelia Drive', 'Siluko'),
(11, 'Vitz', '7-(770)312-2249', '01 Red Cloud Way', 'Sokol’niki'),
(12, 'Kaymbo', '55-(103)931-2333', '95442 Waywood Point', 'São João Nepomuceno'),
(13, 'Oyoloo', '1-(570)422-6286', '9773 Sherman Circle', 'Wilkes Barre'),
(14, 'Vidoo', '33-(570)960-2241', '255 Northfield Plaza', 'Bobigny'),
(15, 'Kimia', '48-(517)946-9335', '954 Becker Parkway', 'Nowe Grocholice'),
(16, 'Yacero', '880-(571)377-8358', '058 Clemons Circle', 'Pirojpur'),
(17, 'Rhyloo', '33-(334)834-2654', '3710 Coleman Center', 'Avignon'),
(18, 'Rhycero', '7-(812)609-5728', '5 Maple Circle', 'Sagopshi'),
(19, 'Topicstorm', '357-(361)560-0933', '24359 Pawling Lane', 'Nicosia'),
(20, 'Skyble', '86-(818)628-4565', '80626 3rd Junction', 'Zhuangshi'),
(21, 'Tagcat', '86-(967)795-7356', '4143 Fair Oaks Avenue', 'Daweishan'),
(22, 'Kimia', '62-(270)386-5434', '4850 Kenwood Trail', 'Binawara'),
(23, 'Flashdog', '46-(690)391-4388', '5 Harper Alley', 'Angered'),
(24, 'Roodel', '84-(510)941-8812', '5297 Toban Drive', 'Thành Ph? H? Long'),
(25, 'Zoonoodle', '7-(121)328-1699', '081 Rigney Court', 'Molochnoye'),
(26, 'Kare', '46-(248)843-8524', '5741 Warner Plaza', 'Kungsbacka'),
(27, 'Kwideo', '63-(872)178-0650', '54899 Pine View Circle', 'Kinalaglagan'),
(28, 'Ooba', '51-(802)371-0702', '25 Maryland Court', 'Jangas'),
(29, 'Livefish', '55-(343)549-0165', '7431 Arapahoe Parkway', 'Brejo da Madre de Deus'),
(30, 'Plajo', '86-(598)130-1684', '4 Sherman Street', 'Taiyang'),
(31, 'Yadel', '62-(642)618-7356', '03285 Bluestem Junction', 'Palecenan'),
(32, 'Flipbug', '55-(271)203-1577', '346 Gerald Parkway', 'Ribas do Rio Pardo'),
(33, 'Realfire', '385-(537)294-8299', '14 Monica Terrace', 'Stari Grad'),
(34, 'Eimbee', '54-(841)767-7281', '41 Becker Alley', 'Villa Santa Rita'),
(35, 'Mydo', '351-(727)387-8293', '41512 Summerview Drive', 'Dafundo'),
(36, 'Realcube', '7-(371)463-4230', '835 Hovde Crossing', 'Surgut'),
(37, 'Katz', '62-(313)769-3378', '0541 Darwin Street', 'Oebaki'),
(38, 'Realmix', '55-(338)224-1955', '22 Bartillon Circle', 'Santa Quitéria do Maranhão'),
(39, 'Twitterworks', '66-(924)530-3049', '7888 Carioca Hill', 'Chamni'),
(40, 'Gabcube', '966-(139)998-6340', '4452 Mendota Junction', '‘Af?f'),
(41, 'Mycat', '62-(478)783-2905', '3667 Wayridge Center', 'Sumurgayam'),
(42, 'Twitterwire', '48-(757)819-9823', '4 Spohn Terrace', 'Unis?aw'),
(43, 'Browsebug', '420-(662)587-3151', '691 Birchwood Center', 'Chvaletice'),
(44, 'Tanoodle', '63-(163)692-0610', '878 Veith Park', 'Bacag'),
(45, 'Oyoyo', '86-(528)245-2363', '718 Morningstar Park', 'Peishe'),
(46, 'Tagtune', '55-(256)231-2393', '2529 Dapin Street', 'São Lourenço do Sul'),
(47, 'Jazzy', '86-(827)402-5051', '987 Larry Lane', 'Zhoinda'),
(48, 'Photofeed', '86-(503)954-3699', '21 Anhalt Center', 'Tangwu'),
(49, 'Viva', '86-(598)902-5451', '08 Spohn Circle', 'Hanchang'),
(50, 'Skynoodle', '86-(458)860-1784', '7 Pierstorff Road', 'Jiaojie'),
(51, 'Babblestorm', '351-(815)281-8503', '5 Maple Park', 'Peras Ruivas'),
(52, 'Livetube', '51-(982)915-5830', '2748 Continental Street', 'Chumpi'),
(53, 'Demizz', '256-(537)281-9983', '82 Glacier Hill Alley', 'Rakai'),
(54, 'Riffwire', '48-(957)510-4430', '46616 Bluestem Drive', 'Budzów'),
(55, 'Muxo', '353-(925)258-2122', '8 Oak Avenue', 'Piltown'),
(56, 'Gigashots', '504-(125)601-8652', '14 Debra Center', 'La Labor'),
(57, 'Thoughtbeat', '506-(702)759-4885', '996 Waxwing Junction', 'Pital'),
(58, 'Photobug', '62-(274)253-2691', '06001 Bultman Trail', 'Tanahmerah'),
(59, 'Zoomlounge', '63-(565)400-0365', '15 Harper Center', 'Araal'),
(60, 'Brightdog', '33-(909)174-0470', '72438 Shasta Center', 'Orléans'),
(61, 'Skimia', '86-(757)471-0466', '9 Helena Drive', 'Hengshi'),
(62, 'Edgeclub', '49-(434)936-2912', '0 Saint Paul Lane', 'Münster'),
(63, 'Omba', '98-(283)544-9151', '92 Ruskin Point', '?r?n B?dgol'),
(64, 'Tavu', '998-(577)316-3311', '3287 Crownhardt Junction', 'Jomboy'),
(65, 'Bubbletube', '7-(272)253-6597', '5598 Tennessee Junction', 'Pokachi'),
(66, 'Twitterlist', '86-(700)713-3367', '085 Lukken Center', 'Gongyi'),
(67, 'Quatz', '33-(933)299-5029', '51655 Daystar Trail', 'Nice'),
(68, 'Flipbug', '62-(615)440-2642', '068 Brown Drive', 'Bojonglarang'),
(69, 'Jamia', '86-(461)467-5589', '77 Prentice Avenue', 'Shuangshipu'),
(70, 'Skinte', '351-(305)243-7496', '684 Stang Plaza', 'Guardizela'),
(71, 'Wordware', '86-(868)528-7347', '0054 Emmet Lane', 'Baishuiyang'),
(72, 'Wordify', '46-(833)833-7119', '89200 Waxwing Terrace', 'Umeå'),
(73, 'Vimbo', '48-(891)600-0634', '611 Coolidge Terrace', 'R?czna'),
(74, 'Mybuzz', '507-(324)884-3703', '706 Pawling Parkway', 'Llano Largo'),
(75, 'Thoughtstorm', '374-(239)957-0729', '343 Becker Point', 'Ptghunk’'),
(76, 'Yata', '86-(940)724-2335', '81 Eliot Drive', 'Liangnong'),
(77, 'Devpulse', '33-(819)740-1713', '365 Becker Circle', 'Cesson-Sévigné'),
(78, 'Fanoodle', '48-(569)653-7920', '5 Dakota Junction', 'Poniatowa'),
(79, 'Oloo', '51-(458)223-7754', '17937 Ridgeview Way', 'Maras'),
(80, 'Dynazzy', '84-(848)502-8047', '1 Merrick Street', 'Sóc Tr?ng'),
(81, 'Skyba', '51-(996)845-5514', '19811 Hoard Alley', 'Cuenca'),
(82, 'Avamba', '351-(630)903-6794', '036 Crownhardt Road', 'Feitoria'),
(83, 'Myworks', '55-(596)686-3817', '7626 Memorial Street', 'Cruz das Almas'),
(84, 'Zoomcast', '86-(358)750-0355', '226 Tennyson Street', 'Tiantai'),
(85, 'Voonte', '57-(807)765-7750', '283 Towne Street', 'Barrio San Luis'),
(86, 'Omba', '51-(136)843-4883', '8619 Sheridan Street', 'Saño'),
(87, 'Vimbo', '30-(709)638-8707', '85 Meadow Valley Park', 'Chóra'),
(88, 'Quatz', '420-(848)324-5811', '54151 Armistice Point', 'St?bo?ice'),
(89, 'Buzzshare', '506-(818)634-5552', '6 Bowman Crossing', 'San Pedro'),
(90, 'Skynoodle', '33-(347)937-0303', '8291 Forster Place', 'Mont-Saint-Aignan'),
(91, 'Dabjam', '63-(827)849-7999', '28405 Arkansas Way', 'Naili'),
(92, 'Kwilith', '93-(450)498-1130', '71332 Onsgard Way', 'Qal‘ah-ye Sh?h?'),
(93, 'Yakijo', '251-(351)141-2197', '0416 Dottie Crossing', 'Shambu'),
(94, 'Trunyx', '86-(362)966-2823', '90652 Schurz Hill', 'Luzhou'),
(95, 'Avavee', '86-(440)215-4479', '2826 Oneill Place', 'Liuqiao'),
(96, 'Tagopia', '998-(517)734-3106', '91 Steensland Drive', 'Qorovulbozor Shahri'),
(97, 'Wikizz', '86-(488)894-4388', '0893 Dapin Avenue', 'Hexi'),
(98, 'Livetube', '420-(810)725-7453', '7 Cardinal Pass', 'Velká Bíteš'),
(99, 'Mybuzz', '57-(336)100-9636', '8 Heffernan Street', 'Puerres'),
(100, 'Gabtype', '1-(734)972-2333', '76027 Golf Course Plaza', 'Detroit');

-- --------------------------------------------------------

--
-- Table structure for table `customer_orders`
--

CREATE TABLE `customer_orders` (
  `Customer_ID` int(11) NOT NULL,
  `Order_ID` int(11) NOT NULL
) ENGINE=InnoDB DEFAULT CHARSET=latin1;

--
-- Dumping data for table `customer_orders`
--

INSERT INTO `customer_orders` (`Customer_ID`, `Order_ID`) VALUES
(1, 166),
(2, 278),
(3, 202),
(3, 230),
(5, 112),
(5, 160),
(5, 288),
(5, 298),
(6, 118),
(6, 188),
(6, 294),
(7, 130),
(8, 266),
(8, 280),
(9, 290),
(10, 116),
(10, 120),
(10, 188),
(10, 246),
(11, 210),
(11, 212),
(11, 276),
(12, 118),
(12, 138),
(12, 172),
(12, 180),
(13, 110),
(13, 142),
(13, 230),
(14, 168),
(15, 250),
(16, 112),
(16, 136),
(16, 178),
(17, 200),
(17, 238),
(18, 244),
(19, 130),
(19, 202),
(19, 232),
(20, 142),
(20, 190),
(20, 250),
(20, 298),
(21, 168),
(21, 172),
(22, 160),
(22, 194),
(22, 274),
(22, 286),
(23, 232),
(25, 156),
(26, 102),
(26, 206),
(27, 182),
(27, 236),
(27, 284),
(28, 158),
(29, 184),
(29, 190),
(30, 208),
(31, 122),
(32, 112),
(34, 144),
(35, 112),
(35, 286),
(36, 110),
(37, 112),
(37, 158),
(37, 290),
(38, 154),
(39, 100),
(39, 166),
(39, 210),
(39, 290),
(40, 228),
(43, 104),
(43, 202),
(43, 262),
(44, 166),
(44, 176),
(44, 292),
(45, 186),
(46, 114),
(46, 144),
(46, 168),
(46, 208),
(47, 152),
(47, 214),
(47, 270),
(47, 290),
(48, 246),
(49, 242),
(49, 270),
(50, 114),
(50, 286),
(52, 114),
(52, 192),
(53, 110),
(55, 136),
(55, 238),
(56, 184),
(57, 136),
(57, 158),
(57, 220),
(58, 124),
(58, 152),
(58, 218),
(58, 266),
(60, 202),
(60, 246),
(61, 102),
(65, 178),
(65, 180),
(65, 240),
(66, 208),
(67, 264),
(68, 178),
(68, 286),
(69, 266),
(70, 174),
(72, 248),
(74, 172),
(74, 268),
(75, 160),
(75, 284),
(76, 208),
(77, 298),
(78, 202),
(80, 138),
(80, 178),
(80, 202),
(80, 234),
(80, 258),
(81, 124),
(81, 238),
(81, 292),
(83, 134),
(85, 210),
(86, 182),
(87, 158),
(87, 268),
(88, 148),
(88, 286),
(89, 126),
(89, 142),
(91, 282),
(92, 198),
(93, 138),
(93, 198),
(93, 258),
(93, 260),
(93, 286),
(93, 292),
(94, 122),
(94, 132),
(94, 182),
(94, 198),
(94, 216),
(94, 230),
(94, 268),
(95, 142),
(96, 106),
(96, 276),
(98, 284),
(99, 158),
(99, 202),
(100, 208),
(100, 292);

-- --------------------------------------------------------

--
-- Table structure for table `orders`
--

CREATE TABLE `orders` (
  `Order_ID` int(11) NOT NULL,
  `order_date` date DEFAULT NULL,
  `req_date` date DEFAULT NULL,
  `shipping_date` date DEFAULT NULL
) ENGINE=InnoDB DEFAULT CHARSET=latin1;

--
-- Dumping data for table `orders`
--

INSERT INTO `orders` (`Order_ID`, `order_date`, `req_date`, `shipping_date`) VALUES
(100, '2016-01-22', '2018-05-20', '2016-09-29'),
(102, '2016-05-09', '2018-02-24', '2016-08-25'),
(104, '2016-11-24', '2017-10-24', '2016-12-18'),
(106, '2016-10-20', '2018-05-09', '2016-11-10'),
(108, '2016-06-28', '2017-10-23', '2016-08-05'),
(110, '2016-08-14', '2018-05-21', '2016-05-08'),
(112, '2016-05-19', '2018-04-04', '2017-03-24'),
(114, '2016-07-07', '2018-03-20', '2017-03-04'),
(116, '2016-02-25', '2017-12-08', '2017-01-06'),
(118, '2016-09-03', '2017-11-07', '2016-05-25'),
(120, '2016-05-18', '2017-12-19', '2016-10-21'),
(122, '2016-11-14', '2018-03-09', '2016-11-27'),
(124, '2016-02-05', '2018-02-26', '2016-10-16'),
(126, '2016-09-09', '2018-01-01', '2016-09-28'),
(128, '2016-05-09', '2018-03-14', '2016-09-05'),
(130, '2016-09-10', '2017-12-13', '2016-07-31'),
(132, '2016-11-20', '2018-06-08', '2017-02-22'),
(134, '2016-08-12', '2018-04-20', '2017-02-26'),
(136, '2016-11-14', '2018-02-15', '2016-11-29'),
(138, '2016-04-14', '2017-11-28', '2016-09-23'),
(140, '2016-09-04', '2017-10-26', '2016-07-03'),
(142, '2016-05-03', '2018-02-14', '2016-07-02'),
(144, '2016-06-15', '2018-04-22', '2016-09-18'),
(146, '2016-03-12', '2017-11-14', '2017-01-31'),
(148, '2016-03-01', '2018-03-05', '2017-01-24'),
(150, '2016-04-25', '2018-03-30', '2017-04-12'),
(152, '2016-01-27', '2017-12-29', '2016-12-28'),
(154, '2016-09-24', '2017-11-08', '2016-05-12'),
(156, '2016-07-15', '2017-10-28', '2017-03-19'),
(158, '2016-03-04', '2017-12-22', '2016-05-28'),
(160, '2016-02-12', '2018-05-20', '2016-07-20'),
(162, '2016-03-27', '2018-02-07', '2017-02-21'),
(164, '2016-09-20', '2018-02-20', '2017-04-08'),
(166, '2016-11-15', '2018-02-14', '2017-03-06'),
(168, '2016-11-09', '2017-11-07', '2016-07-08'),
(170, '2016-02-18', '2018-01-24', '2016-12-29'),
(172, '2016-02-15', '2017-10-25', '2016-12-02'),
(174, '2016-07-08', '2018-02-07', '2016-06-06'),
(176, '2016-03-12', '2017-10-25', '2017-03-08'),
(178, '2016-05-20', '2017-11-13', '2016-06-16'),
(180, '2016-10-03', '2018-05-24', '2016-06-11'),
(182, '2016-05-28', '2018-03-21', '2016-11-22'),
(184, '2016-03-21', '2018-04-10', '2016-11-19'),
(186, '2016-05-19', '2018-04-22', '2017-02-12'),
(188, '2016-07-11', '2018-02-26', '2017-02-12'),
(190, '2016-07-04', '2017-12-15', '2016-11-09'),
(192, '2016-02-12', '2018-03-17', '2016-04-25'),
(194, '2016-08-28', '2017-12-20', '2016-05-14'),
(196, '2016-05-29', '2018-05-04', '2016-08-20'),
(198, '2016-06-18', '2018-02-21', '2016-12-27'),
(200, '2016-09-28', '2018-06-12', '2016-12-30'),
(202, '2016-07-07', '2018-04-17', '2017-01-02'),
(204, '2016-02-09', '2018-04-22', '2016-09-02'),
(206, '2016-10-05', '2017-12-06', '2016-09-21'),
(208, '2016-09-17', '2018-05-06', '2017-02-18'),
(210, '2016-12-16', '2018-02-09', '2016-05-24'),
(212, '2016-11-08', '2017-12-17', '2016-06-25'),
(214, '2016-09-12', '2018-03-05', '2017-03-20'),
(216, '2016-03-08', '2018-02-04', '2016-10-26'),
(218, '2016-05-11', '2018-02-05', '2016-05-31'),
(220, '2016-11-27', '2018-04-09', '2017-04-06'),
(222, '2016-04-30', '2017-12-26', '2016-11-30'),
(224, '2016-02-15', '2018-05-17', '2016-05-26'),
(226, '2016-07-24', '2017-11-28', '2017-02-21'),
(228, '2016-09-13', '2018-01-13', '2016-08-26'),
(230, '2016-10-31', '2018-05-05', '2016-09-06'),
(232, '2016-03-11', '2018-01-05', '2016-09-29'),
(234, '2016-09-21', '2017-12-16', '2016-12-05'),
(236, '2016-03-05', '2018-04-28', '2016-10-11'),
(238, '2016-12-13', '2018-03-11', '2017-03-03'),
(240, '2016-03-31', '2018-06-01', '2016-12-26'),
(242, '2016-01-24', '2018-04-13', '2016-08-18'),
(244, '2016-07-28', '2018-04-16', '2016-08-01'),
(246, '2016-10-25', '2018-03-27', '2016-12-13'),
(248, '2016-12-19', '2018-06-14', '2016-04-29'),
(250, '2016-08-30', '2017-11-11', '2017-03-29'),
(252, '2016-03-27', '2018-02-14', '2016-09-03'),
(254, '2016-10-04', '2018-03-26', '2017-02-04'),
(256, '2016-08-29', '2017-11-03', '2016-07-17'),
(258, '2016-02-04', '2017-12-13', '2016-07-03'),
(260, '2016-03-04', '2018-02-26', '2016-05-15'),
(262, '2016-05-21', '2018-05-10', '2016-09-07'),
(264, '2016-11-03', '2017-12-21', '2016-12-20'),
(266, '2016-02-03', '2018-06-07', '2016-12-19'),
(268, '2016-08-20', '2018-03-20', '2016-08-26'),
(270, '2016-01-26', '2018-05-19', '2016-05-03'),
(272, '2016-09-08', '2018-02-24', '2016-10-19'),
(274, '2016-03-21', '2018-03-30', '2016-05-31'),
(276, '2016-11-24', '2017-12-30', '2016-07-19'),
(278, '2016-08-26', '2017-12-22', '2016-12-22'),
(280, '2016-11-06', '2018-02-11', '2016-10-14'),
(282, '2016-06-11', '2018-01-04', '2016-10-23'),
(284, '2016-08-03', '2017-11-01', '2016-11-10'),
(286, '2016-10-26', '2018-02-27', '2016-05-13'),
(288, '2016-08-19', '2017-10-24', '2017-03-10'),
(290, '2016-04-30', '2017-11-18', '2016-05-17'),
(292, '2016-03-17', '2018-02-26', '2017-03-08'),
(294, '2016-09-30', '2017-11-11', '2017-01-17'),
(296, '2016-10-17', '2018-05-20', '2016-08-27'),
(298, '2016-06-15', '2017-11-05', '2016-11-19');

-- --------------------------------------------------------

--
-- Table structure for table `order_details`
--

CREATE TABLE `order_details` (
  `Order_ID` int(11) NOT NULL,
  `product_id` varchar(3) NOT NULL,
  `Quantity` int(11) DEFAULT NULL,
  `Discount` decimal(3,1) DEFAULT NULL
) ENGINE=InnoDB DEFAULT CHARSET=latin1;

--
-- Dumping data for table `order_details`
--

INSERT INTO `order_details` (`Order_ID`, `product_id`, `Quantity`, `Discount`) VALUES
(100, '236', 264, '34.8'),
(100, '239', 78, '21.4'),
(100, '252', 649, '10.6'),
(100, '274', 188, '10.2'),
(102, '278', 378, '25.1'),
(104, '241', 476, '40.2'),
(104, '282', 597, '36.6'),
(106, '227', 629, '39.8'),
(106, '273', 664, '10.4'),
(106, '275', 76, '33.6'),
(108, '265', 215, '29.3'),
(112, '200', 519, '34.4'),
(112, '226', 54, '16.2'),
(112, '277', 491, '17.7'),
(114, '254', 370, '18.8'),
(116, '236', 247, '29.2'),
(116, '298', 582, '35.7'),
(118, '233', 162, '16.1'),
(120, '208', 241, '33.5'),
(120, '220', 76, '41.5'),
(120, '259', 534, '24.8'),
(120, '265', 639, '26.4'),
(120, '290', 610, '10.7'),
(122, '212', 410, '28.5'),
(122, '239', 677, '29.5'),
(122, '284', 353, '12.9'),
(122, '291', 642, '28.0'),
(124, '228', 50, '12.8'),
(126, '213', 253, '34.5'),
(126, '262', 424, '34.5'),
(128, '229', 378, '20.8'),
(128, '233', 156, '17.3'),
(128, '270', 189, '12.0'),
(128, '272', 202, '49.2'),
(128, '275', 545, '15.9'),
(128, '299', 456, '12.2'),
(130, '212', 479, '49.7'),
(130, '252', 167, '15.6'),
(132, '239', 499, '48.6'),
(134, '262', 166, '39.3'),
(134, '299', 186, '27.0'),
(136, '228', 208, '46.8'),
(136, '271', 67, '29.4'),
(138, '213', 403, '41.5'),
(138, '266', 389, '10.5'),
(140, '201', 271, '35.6'),
(140, '246', 62, '14.2'),
(142, '275', 230, '21.3'),
(142, '295', 283, '21.2'),
(148, '225', 169, '26.0'),
(148, '229', 499, '15.2'),
(148, '256', 333, '35.4'),
(152, '261', 681, '36.9'),
(154, '266', 468, '20.7'),
(154, '294', 453, '45.1'),
(156, '248', 680, '41.2'),
(156, '285', 337, '11.4'),
(158, '288', 134, '28.8'),
(158, '293', 421, '22.7'),
(160, '247', 613, '24.4'),
(162, '229', 562, '37.5'),
(162, '246', 695, '44.3'),
(164, '201', 589, '25.0'),
(164, '212', 147, '30.2'),
(164, '220', 412, '26.4'),
(164, '225', 471, '45.9'),
(164, '298', 395, '36.9'),
(166, '206', 690, '16.8'),
(166, '221', 282, '39.5'),
(166, '270', 619, '45.8'),
(166, '279', 604, '16.3'),
(168, '228', 185, '19.4'),
(168, '283', 353, '36.3'),
(170, '297', 169, '38.5'),
(170, '299', 522, '36.3'),
(174, '243', 600, '34.1'),
(174, '290', 194, '29.9'),
(176, '214', 233, '34.5'),
(176, '229', 508, '12.6'),
(180, '232', 120, '16.9'),
(180, '274', 290, '40.4'),
(180, '297', 625, '31.0'),
(182, '214', 384, '37.8'),
(182, '297', 463, '39.5'),
(184, '294', 573, '30.3'),
(186, '206', 636, '27.7'),
(186, '222', 448, '13.6'),
(188, '212', 611, '24.8'),
(188, '218', 330, '28.5'),
(188, '233', 575, '16.8'),
(190, '275', 391, '38.9'),
(192, '219', 257, '10.9'),
(194, '290', 543, '42.6'),
(196, '229', 544, '25.4'),
(196, '260', 344, '43.2'),
(196, '267', 380, '11.0'),
(196, '295', 71, '29.8'),
(200, '200', 383, '45.5'),
(200, '273', 468, '41.8'),
(202, '210', 533, '18.0'),
(202, '228', 112, '43.7'),
(202, '242', 497, '10.5'),
(204, '259', 643, '48.3'),
(204, '292', 91, '30.1'),
(204, '299', 92, '34.9'),
(206, '274', 491, '48.8'),
(206, '284', 619, '41.8'),
(206, '291', 249, '23.6'),
(208, '228', 421, '11.8'),
(208, '278', 323, '42.1'),
(210, '253', 177, '33.2'),
(210, '280', 689, '18.2'),
(210, '282', 270, '17.1'),
(214, '217', 546, '23.9'),
(214, '267', 461, '45.2'),
(216, '254', 329, '22.2'),
(216, '260', 438, '26.3'),
(218, '210', 341, '41.6'),
(218, '235', 551, '34.8'),
(218, '256', 529, '26.2'),
(220, '227', 264, '29.5'),
(220, '241', 302, '15.4'),
(220, '271', 468, '20.4'),
(222, '203', 693, '43.4'),
(222, '272', 470, '16.6'),
(224, '234', 87, '30.6'),
(226, '211', 387, '47.9'),
(226, '214', 139, '42.3'),
(228, '205', 603, '46.7'),
(228, '294', 135, '47.4'),
(232, '258', 343, '33.7'),
(232, '296', 156, '16.7'),
(236, '202', 131, '12.6'),
(238, '216', 323, '22.0'),
(240, '202', 402, '29.3'),
(240, '254', 272, '23.5'),
(242, '293', 283, '46.3'),
(244, '263', 84, '14.1'),
(244, '295', 294, '46.1'),
(246, '261', 379, '27.3'),
(246, '266', 473, '33.4'),
(246, '276', 564, '39.0'),
(248, '269', 61, '38.0'),
(248, '297', 427, '41.2'),
(250, '226', 603, '34.4'),
(250, '269', 515, '44.1'),
(252, '220', 340, '47.1'),
(252, '225', 456, '39.4'),
(252, '260', 564, '32.5'),
(256, '254', 640, '40.4'),
(258, '271', 481, '25.2'),
(260, '204', 276, '44.7'),
(260, '278', 466, '28.2'),
(268, '235', 524, '20.6'),
(268, '246', 209, '48.2'),
(268, '253', 439, '14.8'),
(268, '256', 681, '38.6'),
(268, '290', 144, '14.5'),
(268, '293', 381, '19.9'),
(270, '254', 637, '38.5'),
(270, '274', 350, '20.4'),
(272, '200', 220, '20.6'),
(272, '202', 689, '18.0'),
(272, '227', 549, '39.3'),
(274, '215', 98, '46.3'),
(274, '264', 577, '34.2'),
(274, '276', 169, '42.8'),
(274, '284', 451, '21.4'),
(274, '286', 511, '35.4'),
(276, '234', 359, '48.2'),
(280, '211', 300, '41.2'),
(280, '243', 102, '29.8'),
(280, '248', 353, '32.1'),
(280, '256', 683, '10.3'),
(280, '280', 139, '44.7'),
(284, '244', 217, '33.5'),
(286, '204', 507, '22.3'),
(286, '207', 384, '35.4'),
(286, '243', 498, '40.0'),
(286, '248', 54, '34.1'),
(286, '299', 251, '21.7'),
(288, '230', 474, '29.0'),
(288, '264', 619, '33.0'),
(290, '202', 302, '31.9'),
(290, '208', 482, '46.6'),
(290, '215', 335, '47.1'),
(290, '297', 599, '23.3'),
(292, '289', 292, '20.8');

-- --------------------------------------------------------

--
-- Table structure for table `products`
--

CREATE TABLE `products` (
  `product_id` varchar(50) NOT NULL,
  `product_name` varchar(50) DEFAULT NULL,
  `unit_price` decimal(5,2) DEFAULT NULL,
  `unit_in_stock` int(11) DEFAULT NULL,
  `unit_on_order` int(11) DEFAULT NULL,
  `recorded_level` int(11) DEFAULT NULL
) ENGINE=InnoDB DEFAULT CHARSET=latin1;

--
-- Dumping data for table `products`
--

INSERT INTO `products` (`product_id`, `product_name`, `unit_price`, `unit_in_stock`, `unit_on_order`, `recorded_level`) VALUES
('200', 'Buspirone Hydrochloride', '156.65', 419, 53, 366),
('201', 'Mouth Sore Relief', '66.89', 206, 92, 114),
('202', 'Apizelen', '65.87', 401, 75, 326),
('203', 'LBEL COULEUR LUXE AMPLIFIER XP', '184.38', 147, 90, 57),
('204', 'Waterless Anti-Bacterial Hand Cleanser', '185.62', 368, 69, 299),
('205', 'Gelato APF', '39.32', 355, 81, 274),
('206', 'Kadian', '113.04', 136, 59, 77),
('207', 'Synthroid', '285.29', 459, 84, 375),
('208', 'Redness reliever', '294.48', 316, 87, 229),
('209', 'Number Ten Mold Mixture', '102.97', 333, 94, 239),
('210', 'KYPROLIS', '46.78', 304, 55, 249),
('211', 'Bikini Zone Medicated CREME', '220.00', 342, 92, 250),
('212', 'Antacid Antigas', '220.06', 242, 53, 189),
('213', 'Aspen', '125.64', 450, 53, 397),
('214', 'Gabazolamine', '206.13', 304, 64, 240),
('215', 'Tokyo Hand Sanitizer Vanilla Scent', '262.65', 150, 53, 97),
('216', 'Fexofenadine Hydrochloride', '248.52', 468, 56, 412),
('217', 'FACE IT RADIANCE FOUNDATION SPF20 NB21', '266.43', 424, 100, 324),
('218', 'Snore Soothe', '165.66', 250, 66, 184),
('219', 'Maximum Strength Heartburn Relief', '45.75', 393, 96, 297),
('220', 'Neutrogena Spectrum Plus Advanced', '164.15', 282, 98, 184),
('221', 'METFORMIN HYDROCHLORIDE', '212.54', 404, 65, 339),
('222', 'Oxycodone Hydrochloride', '142.31', 408, 91, 317),
('223', 'Cantharis Kit Refill', '134.19', 328, 61, 267),
('224', 'Always Triple BB', '218.10', 437, 82, 355),
('225', 'PHOMA DESTRUCTIVA', '288.42', 341, 53, 288),
('226', 'Remedy Skin Protectant', '98.14', 110, 84, 26),
('227', 'MedPride', '191.32', 392, 73, 319),
('228', 'Rivastigmine Tartrate', '162.88', 333, 51, 282),
('229', 'BECONASE', '108.60', 334, 79, 255),
('230', 'Peanut', '297.85', 128, 92, 36),
('231', 'HAND SANITIZER', '266.78', 389, 69, 320),
('232', 'SmileActives', '185.60', 293, 59, 234),
('233', 'Take Home Fluoride', '159.93', 469, 58, 411),
('234', 'Head and Shoulders 2in1', '183.14', 282, 80, 202),
('235', 'Spironolactone', '146.10', 497, 85, 412),
('236', 'OPTICAL ADVANCED EYE', '40.70', 188, 76, 112),
('237', 'StaphWash Plus', '251.81', 228, 88, 140),
('238', 'Arnicare Trauma', '169.23', 444, 72, 372),
('239', 'Equaline muscle rub', '141.80', 386, 88, 298),
('240', 'CD CAPTURE TOTALE Triple Correcting Serum Foundati', '67.26', 431, 55, 376),
('241', 'Olive Pollen', '153.32', 454, 77, 377),
('242', 'AMERFRESH ANTIPERSPIRANT DEODORANT', '33.91', 332, 62, 270),
('243', 'Verapamil Hydrochloride', '102.10', 115, 63, 52),
('244', 'BB Cream', '104.71', 349, 85, 264),
('245', 'Escitalopram', '96.46', 279, 67, 212),
('246', 'Stool Softener', '89.34', 379, 86, 293),
('247', 'Cepacol Sore Throat Plus Coating', '186.32', 201, 52, 149),
('248', 'Delsym Night Time Cough and Cold', '121.59', 425, 66, 359),
('249', 'Metronidazole', '82.95', 327, 70, 257),
('250', 'Anti-Bacterial Hand Foam', '40.07', 299, 53, 246),
('251', 'Rohto Arctic', '103.06', 352, 86, 266),
('252', 'Promethazine with Codeine', '237.32', 119, 83, 36),
('253', 'intestinal Bacteria', '151.77', 266, 74, 192),
('254', 'STEMPHYLIUM SOLANI', '249.47', 135, 72, 63),
('255', 'Rimmel BB Cream 9-IN-1 Skin Perfecting Super Makeu', '263.74', 448, 79, 369),
('256', 'Olbas Pastilles', '213.12', 208, 88, 120),
('257', 'SIMVASTATIN', '257.02', 406, 83, 323),
('258', 'Genuine Efficascent', '94.09', 308, 71, 237),
('259', 'Estradiol', '240.17', 250, 91, 159),
('260', 'TEMODAR', '47.79', 259, 77, 182),
('261', 'Dry Eye Forte', '173.60', 331, 96, 235),
('262', 'Penicillium roquefortii', '122.23', 269, 87, 182),
('263', 'Ocean Waterless Hand Wash', '174.03', 288, 74, 214),
('264', 'Paroxetine', '214.56', 414, 53, 361),
('265', 'Velvet Grass', '126.52', 456, 87, 369),
('266', 'RETROVIR', '42.03', 328, 78, 250),
('267', 'Mary Kay Tinted Lip Balm Sunscreen SPF 15 Mango', '275.18', 339, 94, 245),
('268', 'Antihistamine Allergy', '89.22', 254, 90, 164),
('269', 'Bisoprolol Fumarate and Hydrochlorothiazide', '227.05', 276, 80, 196),
('270', 'Meijer Honey Lemon Cough Drops', '294.82', 454, 61, 393),
('271', 'PredniSONE', '55.17', 461, 73, 388),
('272', 'L Dopa', '194.54', 453, 80, 373),
('273', 'Lindane', '150.23', 106, 54, 52),
('274', 'Midazolam Hydrochloride', '213.10', 280, 84, 196),
('275', 'Nitrostat', '209.20', 338, 69, 269),
('276', 'Cetirizine Hydrochloride', '59.44', 283, 74, 209),
('277', 'BENZOYL PEROXIDE', '238.77', 481, 69, 412),
('278', 'Pleo Relivora Complex', '67.00', 258, 51, 207),
('279', 'Olive Leaf Antibacterial Foaming Hand Wash', '239.38', 294, 74, 220),
('280', 'Flecainide Acetate', '256.98', 324, 64, 260),
('281', 'Olanzapine', '86.09', 339, 100, 239),
('282', 'Tecnu Corticool', '130.57', 144, 52, 92),
('283', 'Sochlor', '40.47', 140, 62, 78),
('284', 'ONDANSETRON', '247.98', 283, 96, 187),
('285', 'Ibuprofen', '219.43', 284, 63, 221),
('286', 'Pollens - Trees, Ash, White Fraxinus americana', '205.76', 408, 69, 339),
('287', 'Ampicillin', '252.65', 415, 99, 316),
('288', 'Topical Anesthetic', '49.21', 306, 71, 235),
('289', 'Isopropyl Rubbing Alcohol', '197.56', 346, 73, 273),
('290', 'Glycopyrrolate', '89.51', 431, 88, 343),
('291', 'DOXEPIN HYDROCHLORIDE', '266.91', 280, 58, 222),
('292', 'Dextrose And Sodium Chloride', '84.02', 463, 97, 366),
('293', 'Ergocalciferol', '163.77', 413, 53, 360),
('294', 'SEAWEED MEDICLEAR MASK', '249.96', 304, 69, 235),
('295', 'NITROSTAT', '226.12', 464, 54, 410),
('296', 'Pain Relief Medicine PM', '285.53', 130, 83, 47),
('297', 'Common Sagebrush', '102.60', 355, 64, 291),
('298', 'GABAPENTIN', '200.71', 368, 53, 315),
('299', 'Ampicillin and Sulbactam', '100.36', 269, 58, 211);

-- --------------------------------------------------------

--
-- Table structure for table `product_categories`
--

CREATE TABLE `product_categories` (
  `category_id` varchar(50) NOT NULL,
  `product_id` varchar(50) NOT NULL
) ENGINE=InnoDB DEFAULT CHARSET=latin1;

--
-- Dumping data for table `product_categories`
--

INSERT INTO `product_categories` (`category_id`, `product_id`) VALUES
('200', '201'),
('200', '202'),
('200', '212'),
('200', '220'),
('200', '237'),
('200', '240'),
('200', '242'),
('200', '243'),
('200', '256'),
('200', '259'),
('200', '273'),
('201', '201'),
('201', '202'),
('201', '203'),
('201', '241'),
('201', '244'),
('201', '254'),
('201', '262'),
('201', '267'),
('201', '288'),
('201', '291'),
('201', '293'),
('201', '297'),
('201', '298'),
('202', '208'),
('202', '236'),
('202', '245'),
('202', '254'),
('202', '255'),
('202', '257'),
('202', '259'),
('202', '277'),
('202', '286'),
('202', '288'),
('202', '289'),
('202', '294'),
('203', '212'),
('203', '213'),
('203', '216'),
('203', '228'),
('203', '243'),
('203', '244'),
('203', '254'),
('203', '255'),
('203', '262'),
('203', '264'),
('203', '267'),
('203', '273'),
('203', '276'),
('204', '207'),
('204', '211'),
('204', '239'),
('204', '243'),
('204', '245'),
('204', '246'),
('204', '247'),
('204', '253'),
('204', '255'),
('204', '261'),
('204', '266'),
('204', '283'),
('204', '284'),
('204', '285'),
('205', '210'),
('205', '232'),
('205', '235'),
('205', '238'),
('205', '250'),
('205', '271'),
('205', '275'),
('205', '291'),
('205', '292'),
('206', '208'),
('206', '209'),
('206', '214'),
('206', '219'),
('206', '254'),
('206', '263'),
('206', '270'),
('206', '285'),
('207', '206'),
('207', '214'),
('207', '215'),
('207', '226'),
('207', '234'),
('207', '241'),
('207', '243'),
('207', '249'),
('207', '275'),
('207', '280'),
('207', '284'),
('207', '286'),
('207', '294'),
('207', '296'),
('207', '299'),
('208', '204'),
('208', '210'),
('208', '214'),
('208', '218'),
('208', '226'),
('208', '227'),
('208', '238'),
('208', '243'),
('208', '244'),
('208', '264'),
('208', '269'),
('208', '278'),
('208', '281'),
('208', '289'),
('209', '208'),
('209', '213'),
('209', '215'),
('209', '224'),
('209', '234'),
('209', '235'),
('209', '238'),
('209', '251'),
('209', '265'),
('209', '268'),
('209', '269'),
('209', '271'),
('209', '272'),
('209', '275'),
('209', '276'),
('209', '282'),
('209', '285'),
('209', '289'),
('209', '299'),
('210', '206'),
('210', '215'),
('210', '221'),
('210', '222'),
('210', '246'),
('210', '249'),
('210', '255'),
('210', '259'),
('210', '272'),
('210', '279'),
('210', '280'),
('210', '284'),
('210', '290');

-- --------------------------------------------------------

--
-- Table structure for table `product_supplier`
--

CREATE TABLE `product_supplier` (
  `supplier_id` varchar(50) NOT NULL,
  `product_id` varchar(50) NOT NULL
) ENGINE=InnoDB DEFAULT CHARSET=latin1;

--
-- Dumping data for table `product_supplier`
--

INSERT INTO `product_supplier` (`supplier_id`, `product_id`) VALUES
('200', '232'),
('200', '261'),
('202', '242'),
('203', '210'),
('203', '214'),
('204', '219'),
('204', '231'),
('206', '223'),
('208', '217'),
('208', '230'),
('208', '269'),
('209', '200'),
('209', '295'),
('210', '281'),
('212', '252'),
('212', '259'),
('212', '279'),
('213', '246'),
('215', '228'),
('215', '240'),
('216', '290'),
('217', '217'),
('217', '220'),
('217', '248'),
('220', '277'),
('222', '224'),
('223', '231'),
('224', '217'),
('224', '230'),
('224', '291'),
('225', '265'),
('226', '254'),
('227', '230'),
('227', '278'),
('229', '222'),
('230', '249'),
('230', '253'),
('230', '271'),
('230', '290'),
('232', '245'),
('233', '241'),
('233', '243'),
('234', '241'),
('234', '248'),
('234', '267'),
('234', '282'),
('235', '203'),
('235', '258'),
('236', '257'),
('237', '238'),
('237', '279'),
('238', '244'),
('238', '296'),
('239', '215'),
('239', '268'),
('240', '201'),
('240', '218'),
('240', '221'),
('240', '226'),
('240', '275'),
('241', '222'),
('241', '282'),
('243', '207'),
('244', '281'),
('245', '248'),
('245', '267'),
('246', '237'),
('247', '238'),
('248', '276'),
('249', '201'),
('249', '220'),
('249', '228'),
('251', '202'),
('251', '219'),
('252', '209'),
('253', '231'),
('253', '242'),
('253', '255'),
('253', '260'),
('253', '270'),
('254', '202'),
('254', '210'),
('254', '231'),
('254', '251'),
('254', '261'),
('254', '282'),
('255', '238'),
('256', '244'),
('257', '274'),
('258', '226'),
('259', '273'),
('259', '281'),
('261', '219'),
('261', '237'),
('262', '204'),
('262', '239'),
('262', '262'),
('262', '296'),
('263', '207'),
('264', '200'),
('264', '218'),
('264', '228'),
('266', '284'),
('267', '208'),
('267', '281'),
('268', '264'),
('270', '201'),
('270', '231'),
('270', '273'),
('271', '235'),
('271', '292'),
('272', '218'),
('272', '259'),
('272', '274'),
('273', '284'),
('275', '260'),
('275', '295'),
('276', '284'),
('277', '214'),
('277', '238'),
('278', '266'),
('279', '235'),
('279', '252'),
('279', '274'),
('283', '226'),
('283', '292'),
('284', '204'),
('284', '275'),
('286', '224'),
('286', '298'),
('288', '204'),
('288', '230'),
('288', '298'),
('290', '212'),
('290', '221'),
('291', '291'),
('293', '215'),
('296', '227'),
('296', '292'),
('297', '208'),
('297', '269'),
('297', '282'),
('297', '289'),
('298', '263'),
('298', '273'),
('298', '276'),
('299', '233'),
('299', '246'),
('299', '269');

-- --------------------------------------------------------

--
-- Table structure for table `suppliers`
--

CREATE TABLE `suppliers` (
  `supplier_id` varchar(50) NOT NULL,
  `company_name` varchar(50) DEFAULT NULL,
  `contact_num` varchar(50) DEFAULT NULL,
  `address` varchar(50) DEFAULT NULL,
  `city` varchar(50) DEFAULT NULL
) ENGINE=InnoDB DEFAULT CHARSET=latin1;

--
-- Dumping data for table `suppliers`
--

INSERT INTO `suppliers` (`supplier_id`, `company_name`, `contact_num`, `address`, `city`) VALUES
('200', 'Meevee', '33-(437)675-8917', '8 Stuart Way', 'Belfort'),
('201', 'Zazio', '86-(367)345-2993', '30188 Surrey Park', 'Hutou'),
('202', 'Twitterbridge', '62-(484)508-3507', '9717 Welch Crossing', 'Kiukasen'),
('203', 'Skinder', '86-(622)219-5062', '3719 Trailsway Point', 'Baoshi'),
('204', 'Brainbox', '86-(782)296-5438', '19117 Meadow Vale Way', 'Huanshan'),
('205', 'Buzzster', '359-(632)422-7882', '05744 Hooker Pass', 'Pleven'),
('206', 'Trilith', '1-(585)497-7996', '21 Farmco Trail', 'Rochester'),
('207', 'Avamba', '55-(200)126-5429', '042 Golden Leaf Parkway', 'Iturama'),
('208', 'Myworks', '33-(772)120-8537', '0 Marquette Hill', 'Montauban'),
('209', 'Skiba', '63-(876)743-3675', '610 Lien Lane', 'Balete'),
('210', 'Agimba', '257-(265)742-3826', '666 Muir Park', 'Bururi'),
('211', 'Zoovu', '31-(685)140-7453', '603 Farragut Court', 'Oss'),
('212', 'Dazzlesphere', '27-(864)228-4271', '947 Cody Parkway', 'Calvinia'),
('213', 'Voonix', '33-(470)120-1708', '62 Roxbury Pass', 'Cergy-Pontoise'),
('214', 'Meevee', '86-(118)336-1675', '92839 Buena Vista Court', 'Towa'),
('215', 'Voomm', '46-(445)687-9750', '14987 Fieldstone Court', 'Norrahammar'),
('216', 'Oloo', '62-(780)793-2814', '85129 Rusk Pass', 'Pora'),
('217', 'Meevee', '7-(210)910-4475', '91 Burning Wood Point', 'Srostki'),
('218', 'Wikido', '46-(147)471-2950', '86 Oak Valley Plaza', 'Mora'),
('219', 'Skyvu', '256-(307)305-4302', '3585 Warbler Plaza', 'Bududa'),
('220', 'Flipbug', '86-(406)628-3582', '32 Hudson Court', 'Gaizhou'),
('221', 'Zava', '216-(320)541-9321', '2380 Victoria Point', 'Kairouan'),
('222', 'Realbridge', '48-(671)165-1717', '66 Manufacturers Circle', 'Bia?a'),
('223', 'Babbleblab', '880-(443)106-5568', '891 Gateway Hill', 'Saidpur'),
('224', 'Gabvine', '30-(861)624-2884', '880 Elka Avenue', 'Pásion'),
('225', 'Zoozzy', '86-(662)123-1831', '93 Fisk Junction', 'Yantian'),
('226', 'Kayveo', '351-(469)533-9992', '13 Longview Crossing', 'Galamares'),
('227', 'Fatz', '595-(476)377-3504', '357 Prairie Rose Drive', 'San Bernardino'),
('228', 'Jaloo', '234-(533)385-5819', '1 Hansons Junction', 'Dambarta'),
('229', 'Kamba', '263-(865)835-3040', '18318 Eliot Center', 'Nyanga'),
('230', 'Voomm', '7-(211)693-7119', '6 Oxford Circle', 'Belyye Berega'),
('231', 'Youtags', '86-(867)312-1750', '9 Lien Hill', 'Xiangquan'),
('232', 'LiveZ', '86-(639)582-6683', '310 Farwell Way', 'Shangfang'),
('233', 'Photobug', '48-(664)953-5224', '2 Vera Park', 'Regulice'),
('234', 'Yozio', '86-(721)298-5364', '8045 Lindbergh Circle', 'Lianghe'),
('235', 'Eamia', '962-(366)981-4959', '4942 Brickson Park Way', 'Kurayyimah'),
('236', 'Quimba', '1-(256)787-4026', '40 Center Point', 'Thetford-Mines'),
('237', 'Voolith', '62-(605)974-5660', '12440 Annamark Lane', 'Karangtengah Lor'),
('238', 'Tagtune', '86-(665)486-9266', '292 Drewry Street', 'Suchen'),
('239', 'Twitterbridge', '54-(763)931-0315', '2390 Crowley Lane', 'Arroyo Seco'),
('240', 'Thoughtsphere', '52-(370)282-2483', '11694 Cambridge Point', 'San Jose'),
('241', 'Babbleopia', '7-(207)537-6696', '4221 Grim Center', 'Khrenovoye'),
('242', 'Thoughtbeat', '63-(594)529-5435', '30012 Warner Point', 'Pitogo'),
('243', 'Pixonyx', '234-(680)748-8127', '305 Monument Pass', 'Dadiya'),
('244', 'Twitternation', '62-(555)714-9815', '01325 2nd Park', 'Tegalheras'),
('245', 'Gigaclub', '244-(143)536-9243', '88481 Northport Alley', 'Cabinda'),
('246', 'Blogtags', '49-(834)234-2813', '15 1st Circle', 'Hannover'),
('247', 'Jetpulse', '63-(834)231-1776', '89450 Huxley Junction', 'Paradahan'),
('248', 'Flashset', '33-(525)469-0643', '8773 Morrow Trail', 'Bondy'),
('249', 'Dazzlesphere', '1-(626)470-1149', '6590 Pennsylvania Circle', 'Whittier'),
('250', 'Jatri', '86-(679)280-1410', '9541 Parkside Junction', 'Changfeng'),
('251', 'Blogtag', '48-(849)151-1555', '149 Raven Way', '?opuszno'),
('252', 'Dabfeed', '216-(850)697-4142', '19214 Jana Street', 'Tataouine'),
('253', 'Voonix', '256-(742)316-5680', '4 Nancy Park', 'Bukedea'),
('254', 'Npath', '255-(980)244-1465', '9525 Tony Way', 'Makumbako'),
('255', 'Talane', '31-(855)526-3518', '88874 Russell Street', 'Lelystad'),
('256', 'Ailane', '420-(908)873-7423', '58 Artisan Trail', 'Morávka'),
('257', 'Omba', '46-(742)939-5592', '47516 Marquette Street', 'Eslöv'),
('258', 'Podcat', '86-(999)411-7880', '3 Delaware Terrace', 'Huangpu'),
('259', 'Twitternation', '86-(228)383-3191', '8 Kingsford Terrace', 'Lutou'),
('260', 'Thoughtstorm', '62-(658)192-3321', '497 Calypso Drive', 'Mander'),
('261', 'Oyondu', '1-(875)155-8949', '85 Randy Point', 'Maple Creek'),
('262', 'Quimm', '86-(942)325-8847', '7559 Victoria Alley', 'Taiba'),
('263', 'Jaloo', '593-(883)437-0907', '687 Division Drive', 'La Troncal'),
('264', 'Skajo', '34-(747)645-1591', '48175 Dovetail Street', 'Cartagena'),
('265', 'Zooveo', '51-(741)625-2533', '1445 Ronald Regan Circle', 'Santa Eulalia'),
('266', 'Tagchat', '62-(249)721-8422', '28 Corben Pass', 'Oebobo'),
('267', 'Devify', '998-(349)742-9466', '1 Boyd Drive', 'Yangirabot'),
('268', 'Topicstorm', '234-(976)660-7113', '56821 Sunnyside Drive', 'Yenagoa'),
('269', 'Oyoyo', '46-(915)387-1279', '3 Scott Avenue', 'Landskrona'),
('270', 'Devbug', '7-(275)726-0231', '8 Glacier Hill Terrace', 'Kabakovo'),
('271', 'Flipstorm', '84-(515)567-2447', '00 Tony Park', 'Th? Tr?n M??ng Tè'),
('272', 'Browseblab', '1-(770)660-1092', '9921 Little Fleur Road', 'Marietta'),
('273', 'Kaymbo', '1-(634)602-8259', '6 Canary Drive', 'Barrie'),
('274', 'Divape', '358-(888)577-3809', '58 Meadow Valley Pass', 'Kangasala'),
('275', 'Oyoloo', '62-(682)325-8303', '950 Moland Crossing', 'Mulyo'),
('276', 'Voolith', '353-(825)272-9228', '82916 Ilene Road', 'Farranacoush'),
('277', 'Dynava', '86-(809)508-4113', '05 Bay Parkway', 'Jingtan'),
('278', 'Edgeclub', '51-(357)938-4291', '52 Tennessee Trail', 'Sucre'),
('279', 'Youtags', '48-(953)965-3883', '72928 Randy Trail', 'P?powo'),
('280', 'Jaxbean', '86-(179)942-2972', '9822 Crowley Place', 'Kuzhu'),
('281', 'Yodo', '66-(425)263-0620', '08 Toban Hill', 'Sawaengha'),
('282', 'Kwilith', '86-(131)304-9251', '4530 Autumn Leaf Trail', 'Yabuli'),
('283', 'Plajo', '86-(829)154-9893', '0430 Moulton Alley', 'Huangjiakou'),
('284', 'Yakijo', '48-(440)471-4538', '63488 Stang Point', 'Chojnów'),
('285', 'Quimba', '52-(868)268-4841', '718 Arkansas Parkway', '5 de Mayo'),
('286', 'Rhybox', '7-(788)496-3745', '076 Calypso Point', 'Torbeyevo'),
('287', 'Quaxo', '55-(454)662-1445', '0 Meadow Ridge Street', 'Várzea Paulista'),
('288', 'Wikibox', '55-(801)235-4775', '6474 Troy Point', 'Franco da Rocha'),
('289', 'Yata', '62-(164)366-2936', '206 Carey Alley', 'Momanalu'),
('290', 'Oloo', '52-(831)598-9587', '584 Mariners Cove Avenue', 'El Carmen'),
('291', 'Podcat', '55-(261)500-2012', '4038 Northridge Court', 'Caucaia'),
('292', 'Tagtune', '370-(671)510-1558', '4528 Susan Circle', 'Visaginas'),
('293', 'Photobug', '86-(781)529-4280', '06393 Northview Junction', 'Ganyi'),
('294', 'Brainbox', '420-(117)632-4896', '2 Goodland Point', 'Jarom??ice'),
('295', 'Teklist', '509-(530)708-9798', '67 Homewood Plaza', 'Carrefour'),
('296', 'Babbleset', '7-(365)488-1459', '32 Rowland Drive', 'Is'),
('297', 'Rhyzio', '7-(609)127-5353', '97 Comanche Plaza', 'Uinskoye'),
('298', 'Wikido', '1-(149)650-8698', '7 Alpine Lane', 'Bells Corners'),
('299', 'Flashdog', '81-(195)487-6848', '2014 Roth Way', 'Yoshii');

--
-- Indexes for dumped tables
--

--
-- Indexes for table `categories`
--
ALTER TABLE `categories`
  ADD PRIMARY KEY (`category_id`);

--
-- Indexes for table `customers`
--
ALTER TABLE `customers`
  ADD PRIMARY KEY (`customer_id`);

--
-- Indexes for table `customer_orders`
--
ALTER TABLE `customer_orders`
  ADD PRIMARY KEY (`Customer_ID`,`Order_ID`),
  ADD KEY `Order_ID` (`Order_ID`);

--
-- Indexes for table `orders`
--
ALTER TABLE `orders`
  ADD PRIMARY KEY (`Order_ID`);

--
-- Indexes for table `order_details`
--
ALTER TABLE `order_details`
  ADD PRIMARY KEY (`Order_ID`,`product_id`),
  ADD KEY `product_id` (`product_id`);

--
-- Indexes for table `products`
--
ALTER TABLE `products`
  ADD PRIMARY KEY (`product_id`);

--
-- Indexes for table `product_categories`
--
ALTER TABLE `product_categories`
  ADD PRIMARY KEY (`category_id`,`product_id`),
  ADD KEY `product_id` (`product_id`);

--
-- Indexes for table `product_supplier`
--
ALTER TABLE `product_supplier`
  ADD PRIMARY KEY (`supplier_id`,`product_id`),
  ADD KEY `product_id` (`product_id`);

--
-- Indexes for table `suppliers`
--
ALTER TABLE `suppliers`
  ADD PRIMARY KEY (`supplier_id`);

--
-- Constraints for dumped tables
--

--
-- Constraints for table `customer_orders`
--
ALTER TABLE `customer_orders`
  ADD CONSTRAINT `customer_orders_ibfk_1` FOREIGN KEY (`Customer_ID`) REFERENCES `customers` (`customer_id`),
  ADD CONSTRAINT `customer_orders_ibfk_2` FOREIGN KEY (`Order_ID`) REFERENCES `orders` (`Order_ID`);

--
-- Constraints for table `order_details`
--
ALTER TABLE `order_details`
  ADD CONSTRAINT `order_details_ibfk_1` FOREIGN KEY (`Order_ID`) REFERENCES `orders` (`Order_ID`),
  ADD CONSTRAINT `order_details_ibfk_2` FOREIGN KEY (`product_id`) REFERENCES `products` (`product_id`);

--
-- Constraints for table `product_categories`
--
ALTER TABLE `product_categories`
  ADD CONSTRAINT `product_categories_ibfk_1` FOREIGN KEY (`category_id`) REFERENCES `categories` (`category_id`),
  ADD CONSTRAINT `product_categories_ibfk_2` FOREIGN KEY (`product_id`) REFERENCES `products` (`product_id`);

--
-- Constraints for table `product_supplier`
--
ALTER TABLE `product_supplier`
  ADD CONSTRAINT `product_supplier_ibfk_1` FOREIGN KEY (`supplier_id`) REFERENCES `suppliers` (`supplier_id`),
  ADD CONSTRAINT `product_supplier_ibfk_2` FOREIGN KEY (`product_id`) REFERENCES `products` (`product_id`);

/*!40101 SET CHARACTER_SET_CLIENT=@OLD_CHARACTER_SET_CLIENT */;
/*!40101 SET CHARACTER_SET_RESULTS=@OLD_CHARACTER_SET_RESULTS */;
/*!40101 SET COLLATION_CONNECTION=@OLD_COLLATION_CONNECTION */;
